entity_id,canonical,chunk_ids,chunk_count,file_relpaths,file_count
person_victor,Victor D Evernight,168646|168650|168653|168654|168657|168658|168661|168664|168665|168677|168678|168688|168689|168696|168698|168705|168706|168707|168720|168748|168749|168756|168759|168760|168769|168777|168779|168783|168786|168793|168794|168797|168810|168811|168812|168814|168815|168816|168818|168822|168823|168827|168828|168832|168833|168835|168845|168848|168852|168856|168858|168861|168862|168865|168869|168870|168874|168876|168881|168882|168883|168884|168885|168886|168888|168889|168890|168891|168898|168902|168904|168905|168907|168909|168910|168914|168915|168930|168931|168937|168938|168941|168942|168943|168947|168950|168953|168958|168959|168960|168962|168963|168964|168966|168970|168973|168974|168981|168985|168986|168988|168989|168990|168992|168996|169003|169004|169005|169007|169014|169015|169016|169020|169021|169023|169024|169025|169026|169027|169028|169029|169030|169033|169037|169038|169042|169043|169047|169049|169050|169051|169053|169055|169058|169059|169060|169063|169066|169067|169068|169069|169071|169073|169074|169076|169077|169078|169079|169080|169082|169083|169085|169086|169089|169093|169098|169101|169102|169104|169105|169107|169115|169116|169118|169120|169122|169124|169125|169128|169129|169130|169131|169137|169148|169149|169150|169156|169157|169158|169163|169164|169165|169170|169171|169173|169174|169176|169181|169182|169185|169189|169191|169192|169196|169197|169200|169201|169203|169204|169205|169207|169208|169209|169211|169212|169213|169215|169216|169218|169219|169220|169222|169225|169227|169229|169231|169232|169233|169234|169235|169236|169238|169239|169240|169249|169253|169254|169258|169259|169260|169263|169264|169267|169268|169271|169272|169274|169275|169277|169282|169284|169285|169287|169288|169289|169297|169298|169299|169300|169302|169303|169305|169307|169308|169309|169315|169328|169335|169336|169338|169339|169347|169349|169350|169351|169353|169354|169356|169362|169364|169372|169374|169377|169379|169380|169382|169383|169385|169386|169387|169388|169389|169396|169401|169402|169404|169407|169408|169409|169410|169412|169413|169414|169415|169423|169424|169425|169427|169430|169435|169436|169440|169443|169447|169449|169450|169453|169456|169457|169458|169460|169462|169463|169464|169465|169466|169467|169469|169470|169471|169473|169476|169479|169481|169482|169483|169484|169486|169491|169493|169495|169497|169498|169502|169509|169513|169514|169526|169527|169528|169530|169531|169544|169545|169554|169588|169630|169686|169702|169716|169718|169719|169721|169722|169724|169726|169797|169799|169801|169802|169803|169805|169808|169809|169810|169811|169812|169815|169816|169817|169819|169820|169821|169822|169823|169824|169827|169828|169829|169830|169838|169840|169864|169901|169906|169909|169936|169940|169941|169942|169944,391,_local/pbp_transcripts/PbP10 - The Second Camp.md|_local/pbp_transcripts/PbP11 - Lia and the Tolanites.md|_local/pbp_transcripts/PbP12 - Meeting in the Vestry.md|_local/pbp_transcripts/PbP13 - The Town Square Incident.md|_local/pbp_transcripts/PbP14 - Recon.md|_local/pbp_transcripts/PbP15 - Debrief and Safety.md|_local/pbp_transcripts/PbP16 - Nightfall in Elysia.md|_local/pbp_transcripts/PbP17 - Night Meetings.md|_local/pbp_transcripts/PbP18 - TBD.md|_local/planning_notes/The Spencer Heir.md|_local/planning_notes/Victor’s Causal Chain.md|_local/planning_notes/current_Dhassa staged narration.md|_local/planning_notes/current_IWTC names.md|_local/planning_notes/current_IWTC planning notes.md|_local/session_notes/IWTC session notes 1-50.md|_local/session_notes/IWTC session notes 101-150.md|_local/session_notes/IWTC session notes 51-100.md|_local/session_notes/current_IWTC session notes.md,18
person_henry,Henry Sleepsong,168647|168673|168675|168682|168684|168687|168688|168689|168690|168693|168694|168695|168705|168706|168711|168712|168713|168715|168718|168739|168741|168743|168748|168752|168758|168761|168762|168764|168765|168766|168769|168771|168808|168813|168816|168817|168818|168819|168826|168831|168834|168835|168864|168865|168884|168903|168905|168915|168930|168933|168936|168940|168943|168944|168947|168950|168955|168958|168959|168978|168984|168985|168996|168997|168998|169002|169010|169011|169014|169015|169017|169020|169050|169077|169078|169079|169081|169082|169083|169084|169087|169090|169093|169096|169102|169104|169107|169108|169113|169115|169116|169117|169118|169121|169125|169146|169163|169170|169171|169173|169176|169181|169182|169183|169185|169188|169189|169191|169207|169209|169211|169213|169215|169218|169220|169222|169223|169225|169229|169231|169232|169233|169236|169237|169238|169241|169249|169251|169252|169253|169255|169256|169258|169260|169269|169271|169274|169275|169293|169296|169298|169299|169302|169307|169313|169314|169315|169321|169322|169329|169332|169335|169338|169347|169349|169353|169370|169372|169376|169378|169384|169385|169387|169389|169390|169391|169392|169394|169395|169397|169398|169400|169402|169407|169410|169412|169431|169433|169441|169447|169471|169474|169492|169495|169497|169498|169501|169502|169505|169509|169511|169513|169514|169527|169530|169544|169545|169546|169549|169553|169588|169603|169628|169630|169702|169704|169705|169706|169707|169708|169709|169711|169726|169729|169731|169732|169733|169734|169735|169736|169737|169738|169739|169740|169741|169742|169743|169744|169745|169746|169748|169749|169755|169761|169762|169763|169765|169767|169769|169770|169771|169773|169774|169775|169777|169778|169779|169780|169781|169782|169783|169785|169786|169787|169788|169790|169791|169792|169793|169794|169795|169796|169799|169800|169801|169802|169803|169805|169806|169808|169810|169811|169812|169815|169816|169817|169819|169820|169821|169823|169824|169826|169827|169828|169829|169830|169835|169854|169868|169870|169874|169876|169880|169881|169882|169883|169885|169895|169897|169898|169899|169900|169903|169905|169906|169909|169910|169911|169926|169927|169928|169929|169933|169934|169935|169936|169937|169938|169939|169942|170108|170109|170121|170126|170128|170130|170131,327,_local/pbp_transcripts/PbP10 - The Second Camp.md|_local/pbp_transcripts/PbP11 - Lia and the Tolanites.md|_local/pbp_transcripts/PbP12 - Meeting in the Vestry.md|_local/pbp_transcripts/PbP13 - The Town Square Incident.md|_local/pbp_transcripts/PbP14 - Recon.md|_local/pbp_transcripts/PbP15 - Debrief and Safety.md|_local/pbp_transcripts/PbP16 - Nightfall in Elysia.md|_local/pbp_transcripts/PbP17 - Night Meetings.md|_local/pbp_transcripts/PbP18 - TBD.md|_local/planning_notes/Allip Encounter Notes.md|_local/planning_notes/Victor’s Causal Chain.md|_local/planning_notes/Who Knows What.md|_local/planning_notes/current_Dhassa staged narration.md|_local/planning_notes/current_IWTC names.md|_local/planning_notes/current_IWTC planning notes.md|_local/session_notes/IWTC session notes 1-50.md|_local/session_notes/IWTC session notes 101-150.md|_local/session_notes/IWTC session notes 51-100.md|_local/session_notes/Kavar notes.md|_local/session_notes/current_IWTC session notes.md,20
person_alivyre,Alivyre Dawntracker,168648|168654|168665|168687|168688|168689|168690|168694|168706|168724|168729|168730|168733|168748|168750|168764|168765|168766|168769|168771|168818|168825|168835|168843|168847|168848|168864|168868|168895|168898|168899|168915|168932|168934|168938|168939|168942|168944|168952|168980|168985|168992|169002|169007|169014|169018|169021|169024|169026|169028|169029|169077|169086|169101|169102|169104|169107|169108|169109|169112|169115|169116|169117|169123|169127|169128|169129|169139|169160|169163|169181|169182|169184|169185|169187|169192|169195|169200|169202|169203|169204|169206|169208|169209|169210|169215|169217|169220|169231|169232|169233|169234|169235|169236|169237|169238|169239|169241|169242|169244|169249|169251|169252|169255|169258|169260|169263|169267|169269|169288|169291|169295|169298|169302|169303|169307|169321|169323|169330|169335|169353|169377|169412|169413|169414|169415|169421|169425|169426|169430|169434|169447|169469|169470|169471|169491|169492|169498|169500|169501|169502|169509|169513|169514|169544|169546|169588|169595|169628|169630|169645|169702|169705|169711|169712|169713|169714|169715|169716|169719|169722|169724|169726|169730|169735|169736|169737|169738|169739|169740|169741|169742|169743|169744|169745|169746|169748|169755|169756|169758|169759|169762|169763|169765|169767|169769|169771|169773|169774|169775|169777|169778|169779|169780|169782|169783|169785|169786|169787|169788|169790|169791|169792|169795|169796|169797|169800|169801|169802|169803|169805|169808|169810|169811|169812|169815|169816|169817|169819|169820|169821|169823|169824|169826|169827|169828|169829|169830|169835|169836|169837|169838|169839|169840|169841|169842|169843|169844|169845|169847|169848|169849|169850|169852|169854|169855|169857|169858|169859|169862|169874|169876|169880|169883|169890|169895|169898|169906|169909|169937|169938|169939|169943|170131,264,_local/pbp_transcripts/PbP10 - The Second Camp.md|_local/pbp_transcripts/PbP11 - Lia and the Tolanites.md|_local/pbp_transcripts/PbP12 - Meeting in the Vestry.md|_local/pbp_transcripts/PbP13 - The Town Square Incident.md|_local/pbp_transcripts/PbP14 - Recon.md|_local/pbp_transcripts/PbP15 - Debrief and Safety.md|_local/pbp_transcripts/PbP16 - Nightfall in Elysia.md|_local/pbp_transcripts/PbP17 - Night Meetings.md|_local/pbp_transcripts/PbP18 - TBD.md|_local/planning_notes/Victor’s Causal Chain.md|_local/planning_notes/Who Knows What.md|_local/planning_notes/current_Dhassa staged narration.md|_local/planning_notes/current_IWTC names.md|_local/planning_notes/current_IWTC planning notes.md|_local/planning_notes/current_Kwalish.md|_local/session_notes/IWTC session notes 1-50.md|_local/session_notes/IWTC session notes 101-150.md|_local/session_notes/IWTC session notes 51-100.md|_local/session_notes/Kavar notes.md|_local/session_notes/current_IWTC session notes.md,20
person_faeryne,Faeryne,168660|168661|168662|168665|168677|168683|168688|168689|168706|168722|168724|168725|168729|168733|168734|168748|168763|168769|168771|168774|168795|168800|168804|168818|168824|168826|168827|168844|168848|168857|168861|168867|168898|168943|168950|168957|168959|168975|168982|168985|168996|168998|169000|169007|169008|169011|169014|169018|169021|169024|169029|169077|169097|169098|169101|169102|169108|169110|169111|169113|169117|169118|169120|169131|169141|169146|169149|169151|169157|169163|169170|169176|169185|169189|169192|169197|169198|169199|169208|169213|169232|169236|169249|169251|169260|169264|169296|169298|169303|169306|169313|169353|169369|169377|169413|169421|169430|169443|169447|169470|169492|169497|169501|169502|169505|169506|169509|169511|169513|169514|169544|169588|169625|169628|169630|169632|169711|169712|169713|169714|169715|169716|169717|169719|169720|169722|169723|169724|169726|169732|169733|169734|169735|169736|169738|169739|169740|169741|169742|169743|169744|169745|169746|169748|169749|169754|169755|169756|169759|169761|169762|169763|169765|169767|169769|169771|169773|169774|169775|169777|169778|169779|169780|169782|169785|169786|169787|169788|169790|169791|169792|169794|169796|169797|169799|169800|169801|169802|169803|169805|169806|169808|169809|169810|169811|169812|169815|169816|169817|169819|169820|169821|169822|169824|169827|169828|169829|169830|169831|169835|169836|169837|169838|169839|169840|169841|169842|169843|169844|169845|169847|169848|169849|169850|169851|169852|169855|169859|169861|169862|169865|169868|169870|169876|169877|169878|169883|169891|169895|169897|169899|169902|169903|169905|169909|169910|169911|169913|169915|169917|169926|169927|169928|169929|169933|169934|169935|169936|169937|169939|169940|169941|169942|169944|170108,255,_local/pbp_transcripts/PbP10 - The Second Camp.md|_local/pbp_transcripts/PbP11 - Lia and the Tolanites.md|_local/pbp_transcripts/PbP12 - Meeting in the Vestry.md|_local/pbp_transcripts/PbP13 - The Town Square Incident.md|_local/pbp_transcripts/PbP14 - Recon.md|_local/pbp_transcripts/PbP15 - Debrief and Safety.md|_local/pbp_transcripts/PbP16 - Nightfall in Elysia.md|_local/pbp_transcripts/PbP17 - Night Meetings.md|_local/pbp_transcripts/PbP18 - TBD.md|_local/planning_notes/Allip Encounter Notes.md|_local/planning_notes/current_Dhassa staged narration.md|_local/planning_notes/current_IWTC names.md|_local/planning_notes/current_IWTC planning notes.md|_local/planning_notes/current_Kwalish.md|_local/session_notes/IWTC session notes 1-50.md|_local/session_notes/IWTC session notes 101-150.md|_local/session_notes/IWTC session notes 51-100.md|_local/session_notes/Kavar notes.md|_local/session_notes/current_IWTC session notes.md,19
org_party,Party,168706|168710|168742|168748|168768|168771|168772|168808|168842|168904|168929|168941|168980|168983|168985|168998|169013|169098|169131|169157|169170|169249|169267|169307|169512|169516|169531|169544|169549|169597|169610|169654|169657|169658|169660|169662|169665|169669|169677|169689|169698|169701|169704|169706|169707|169708|169709|169710|169712|169715|169719|169726|169729|169731|169732|169734|169736|169737|169739|169740|169741|169742|169743|169744|169745|169746|169747|169748|169749|169756|169758|169759|169761|169762|169763|169765|169767|169769|169771|169773|169774|169775|169777|169779|169780|169785|169786|169787|169788|169789|169791|169792|169793|169794|169796|169797|169804|169805|169806|169807|169809|169810|169811|169816|169817|169819|169820|169821|169822|169829|169830|169835|169836|169837|169838|169841|169845|169847|169849|169854|169855|169857|169858|169859|169860|169862|169868|169869|169870|169873|169874|169876|169878|169879|169880|169881|169882|169883|169885|169886|169887|169890|169891|169896|169897|169898|169905|169906|169907|169909|169910|169911|169913|169915|169917|169919|169925|169926|169927|169928|169931|169932|169936|169937|169938|169939|170108,167,_local/pbp_transcripts/PbP10 - The Second Camp.md|_local/pbp_transcripts/PbP11 - Lia and the Tolanites.md|_local/pbp_transcripts/PbP12 - Meeting in the Vestry.md|_local/pbp_transcripts/PbP13 - The Town Square Incident.md|_local/pbp_transcripts/PbP14 - Recon.md|_local/pbp_transcripts/PbP15 - Debrief and Safety.md|_local/pbp_transcripts/PbP16 - Nightfall in Elysia.md|_local/planning_notes/Allip Encounter Notes.md|_local/planning_notes/Elulind map descriptions.md|_local/planning_notes/The Premature Pods Mystery.md|_local/planning_notes/The Spencer Heir.md|_local/planning_notes/The Wolfstream Situation.md|_local/planning_notes/Who Knows What.md|_local/planning_notes/current_Dhassa staged narration.md|_local/planning_notes/current_IWTC names.md|_local/planning_notes/current_IWTC planning notes.md|_local/session_notes/IWTC session notes 1-50.md|_local/session_notes/IWTC session notes 101-150.md|_local/session_notes/IWTC session notes 51-100.md|_local/session_notes/Kavar notes.md|_local/session_notes/current_IWTC session notes.md,21
place_crafthold,Crafthold,168682|168712|168779|168817|168881|168901|168945|168946|168948|168957|168960|168961|168964|168988|169018|169044|169050|169062|169070|169071|169072|169101|169111|169192|169197|169213|169232|169233|169269|169303|169361|169394|169398|169549|169557|169559|169588|169597|169608|169630|169654|169660|169665|169701|169713|169716|169719|169722|169724|169726|169730|169731|169732|169733|169734|169738|169739|169745|169746|169747|169748|169749|169767|169771|169774|169775|169776|169778|169779|169783|169784|169790|169791|169792|169793|169795|169797|169799|169802|169803|169804|169805|169806|169810|169811|169812|169817|169820|169821|169822|169824|169835|169836|169840|169848|169851|169854|169855|169856|169857|169859|169862|169864|169866|169868|169869|169874|169876|169877|169878|169879|169880|169882|169883|169885|169886|169888|169890|169891|169895|169896|169897|169898|169899|169900|169902|169904|169905|169906|169907|169909|169910|169913|169915|169917|169925|169930|169931|169932|169936|169937|169938|169939|169940|169942|169943|169944|170108|170109,149,_local/pbp_transcripts/PbP10 - The Second Camp.md|_local/pbp_transcripts/PbP11 - Lia and the Tolanites.md|_local/pbp_transcripts/PbP12 - Meeting in the Vestry.md|_local/pbp_transcripts/PbP13 - The Town Square Incident.md|_local/pbp_transcripts/PbP14 - Recon.md|_local/pbp_transcripts/PbP15 - Debrief and Safety.md|_local/pbp_transcripts/PbP16 - Nightfall in Elysia.md|_local/planning_notes/Elulind map descriptions.md|_local/planning_notes/The Premature Pods Mystery.md|_local/planning_notes/The Wolfstream Situation.md|_local/planning_notes/current_IWTC names.md|_local/planning_notes/current_IWTC planning notes.md|_local/session_notes/IWTC session notes 1-50.md|_local/session_notes/IWTC session notes 101-150.md|_local/session_notes/IWTC session notes 51-100.md|_local/session_notes/Kavar notes.md|_local/session_notes/current_IWTC session notes.md,17
person_luminia,Luminia,168687|168688|168689|168690|168706|168722|168734|168736|168739|168763|168769|168804|168811|168814|168817|168820|168836|168959|169021|169029|169076|169098|169100|169101|169110|169111|169112|169118|169119|169128|169129|169137|169151|169152|169154|169155|169156|169165|169185|169192|169195|169197|169210|169216|169232|169246|169249|169260|169263|169265|169298|169323|169353|169377|169413|169425|169470|169498|169513|169544|169711|169712|169713|169714|169715|169717|169722|169724|169735|169739|169740|169741|169742|169743|169746|169748|169749|169756|169759|169762|169763|169765|169767|169769|169771|169773|169790|169791|169797|169799|169805|169808|169809|169811|169812|169815|169816|169817|169819|169820|169821|169822|169824|169827|169828|169829|169835|169836|169837|169840|169841|169842|169843|169845|169847|169848|169850|169852|169862|169865|169870|169876|169877|169878|169883|169897|169899|169904|169910|169911|169926|169927|169928|169929|169933|169934|169935|169936|169937|169939|169941|169942|170108,143,_local/pbp_transcripts/PbP10 - The Second Camp.md|_local/pbp_transcripts/PbP11 - Lia and the Tolanites.md|_local/pbp_transcripts/PbP12 - Meeting in the Vestry.md|_local/pbp_transcripts/PbP14 - Recon.md|_local/pbp_transcripts/PbP15 - Debrief and Safety.md|_local/pbp_transcripts/PbP16 - Nightfall in Elysia.md|_local/pbp_transcripts/PbP17 - Night Meetings.md|_local/pbp_transcripts/PbP18 - TBD.md|_local/planning_notes/current_Dhassa staged narration.md|_local/session_notes/IWTC session notes 1-50.md|_local/session_notes/IWTC session notes 101-150.md|_local/session_notes/IWTC session notes 51-100.md|_local/session_notes/Kavar notes.md|_local/session_notes/current_IWTC session notes.md,14
faction_hands,Hands of Liamassa,168663|168707|168761|168814|168818|168874|168881|168915|168961|168962|168963|168965|168969|168970|168985|168992|169005|169014|169016|169018|169028|169029|169030|169040|169055|169067|169068|169077|169082|169083|169087|169089|169101|169116|169117|169125|169140|169162|169163|169165|169181|169182|169191|169192|169200|169208|169225|169229|169237|169242|169252|169253|169256|169269|169270|169271|169274|169275|169289|169295|169306|169307|169313|169314|169318|169320|169335|169343|169350|169353|169354|169355|169358|169364|169372|169376|169377|169379|169387|169389|169390|169430|169436|169439|169443|169444|169456|169457|169459|169462|169464|169466|169471|169483|169486|169492|169509|169514|169534|169535|169538|169540|169541|169546|169554|169712|169714|169726|169732|169771|169774|169788|169803|169810|169815|169816|169817|169818|169822|169824|169828|169836|169837|169838|169839|169848|169862|169873|169876|169882|169891|169925|169956|169966|170011|170069|170109,137,_local/pbp_transcripts/PbP10 - The Second Camp.md|_local/pbp_transcripts/PbP11 - Lia and the Tolanites.md|_local/pbp_transcripts/PbP12 - Meeting in the Vestry.md|_local/pbp_transcripts/PbP13 - The Town Square Incident.md|_local/pbp_transcripts/PbP14 - Recon.md|_local/pbp_transcripts/PbP15 - Debrief and Safety.md|_local/pbp_transcripts/PbP16 - Nightfall in Elysia.md|_local/pbp_transcripts/PbP17 - Night Meetings.md|_local/pbp_transcripts/PbP18 - TBD.md|_local/planning_notes/current_Dhassa staged narration.md|_local/planning_notes/current_IWTC names.md|_local/session_notes/IWTC session notes 1-50.md|_local/session_notes/IWTC session notes 101-150.md|_local/session_notes/IWTC session notes 51-100.md|_local/session_notes/Kavar notes.md|_local/session_notes/current_IWTC session notes.md,16
person_piers,Piers Ashton,168646|168649|168650|168654|168655|168656|168657|168658|168662|168663|168664|168665|168677|168688|168689|168696|168697|168698|168700|168704|168705|168706|168707|168710|168712|168717|168718|168719|168733|168741|168748|168751|168769|168770|168784|168789|168791|168797|168811|168813|168814|168815|168817|168818|168874|168875|168876|168880|168881|168890|168891|168914|168916|168917|168935|168936|168952|168953|168959|168960|168961|168980|169014|169021|169029|169030|169031|169032|169033|169034|169035|169037|169062|169063|169066|169067|169069|169071|169072|169073|169077|169465|169466|169473|169476|169479|169482|169486|169488|169513|169544|169689|169830,93,_local/pbp_transcripts/PbP10 - The Second Camp.md|_local/pbp_transcripts/PbP11 - Lia and the Tolanites.md|_local/pbp_transcripts/PbP12 - Meeting in the Vestry.md|_local/pbp_transcripts/PbP13 - The Town Square Incident.md|_local/pbp_transcripts/PbP14 - Recon.md|_local/pbp_transcripts/PbP17 - Night Meetings.md|_local/planning_notes/The Spencer Heir.md|_local/planning_notes/current_Dhassa staged narration.md|_local/session_notes/IWTC session notes 101-150.md,9
person_terry,Terry,168688|168689|168705|168706|168734|168751|168769|168770|168783|168791|168795|168796|168810|168811|168813|168814|168817|168843|168940|168959|168971|168972|168973|168974|169021|169024|169029|169076|169093|169099|169100|169101|169110|169111|169112|169114|169118|169119|169124|169131|169149|169157|169165|169185|169192|169194|169197|169199|169232|169246|169249|169259|169260|169261|169263|169265|169298|169323|169353|169377|169413|169443|169470|169498|169513|169514|169544|169630|169712|169713|169714|169718|169719|169726|169822|169824|169827|169828|169829|169830|169835|169836|169839|169841|169842|169843|169847|169848|169849|169850|169852,91,_local/pbp_transcripts/PbP10 - The Second Camp.md|_local/pbp_transcripts/PbP11 - Lia and the Tolanites.md|_local/pbp_transcripts/PbP12 - Meeting in the Vestry.md|_local/pbp_transcripts/PbP14 - Recon.md|_local/pbp_transcripts/PbP15 - Debrief and Safety.md|_local/pbp_transcripts/PbP16 - Nightfall in Elysia.md|_local/pbp_transcripts/PbP17 - Night Meetings.md|_local/pbp_transcripts/PbP18 - TBD.md|_local/planning_notes/current_Dhassa staged narration.md|_local/planning_notes/current_IWTC planning notes.md|_local/session_notes/IWTC session notes 101-150.md|_local/session_notes/current_IWTC session notes.md,12
player_kalina,Kalina,168655|168656|168677|168678|168688|168689|168706|168748|168791|168902|168956|168975|169006|169021|169029|169077|169102|169103|169111|169134|169146|169154|169176|169189|169195|169212|169214|169251|169323|169354|169369|169711|169712|169713|169714|169715|169716|169717|169718|169719|169720|169721|169722|169723|169724|169763|169765|169789|169797|169805|169806|169807|169808|169809|169810|169811|169812|169814|169815|169816|169817|169818|169819|169820|169821|169823|169825|169834|169843|169844|169846|169847|169848|169849|169850|169851|169852|169860|169891|169905|169907|169937,82,_local/pbp_transcripts/PbP10 - The Second Camp.md|_local/pbp_transcripts/PbP11 - Lia and the Tolanites.md|_local/pbp_transcripts/PbP12 - Meeting in the Vestry.md|_local/pbp_transcripts/PbP13 - The Town Square Incident.md|_local/pbp_transcripts/PbP14 - Recon.md|_local/pbp_transcripts/PbP15 - Debrief and Safety.md|_local/pbp_transcripts/PbP16 - Nightfall in Elysia.md|_local/session_notes/IWTC session notes 1-50.md|_local/session_notes/IWTC session notes 101-150.md|_local/session_notes/IWTC session notes 51-100.md|_local/session_notes/current_IWTC session notes.md,11
player_bysickle,Bysickle,168655|168656|168665|168676|168678|168688|168689|168690|168706|168739|168748|168764|168765|168791|168805|168902|168983|169006|169008|169020|169028|169077|169102|169115|169134|169145|169176|169182|169189|169195|169208|169212|169214|169299|169307|169322|169333|169335|169370|169378|169387|169391|169395|169400|169407|169412|169431|169435|169495|169497|169502|169765|169803|169805|169806|169807|169808|169810|169811|169812|169814|169815|169816|169817|169819|169820|169821|169823|169825|169873|169874|169882|169885|169905|169907|169925|169937|169945|170131,79,_local/pbp_transcripts/PbP10 - The Second Camp.md|_local/pbp_transcripts/PbP11 - Lia and the Tolanites.md|_local/pbp_transcripts/PbP12 - Meeting in the Vestry.md|_local/pbp_transcripts/PbP13 - The Town Square Incident.md|_local/pbp_transcripts/PbP14 - Recon.md|_local/pbp_transcripts/PbP15 - Debrief and Safety.md|_local/pbp_transcripts/PbP16 - Nightfall in Elysia.md|_local/pbp_transcripts/PbP17 - Night Meetings.md|_local/pbp_transcripts/PbP18 - TBD.md|_local/session_notes/IWTC session notes 1-50.md|_local/session_notes/IWTC session notes 101-150.md|_local/session_notes/IWTC session notes 51-100.md|_local/session_notes/Kavar notes.md,13
player_crowe,Crowe,168655|168656|168678|168688|168689|168748|168791|168853|168930|169021|169029|169102|169124|169131|169134|169145|169176|169189|169195|169208|169222|169274|169322|169333|169337|169372|169379|169387|169449|169711|169712|169713|169714|169715|169716|169718|169719|169720|169721|169722|169723|169724|169789|169797|169803|169804|169805|169806|169807|169808|169810|169811|169812|169814|169815|169816|169817|169818|169819|169820|169821|169823|169825|169834|169846|169847|169848|169849|169850|169851|169852|169859|169860|169878|169891|169905|169907|169937,78,_local/pbp_transcripts/PbP10 - The Second Camp.md|_local/pbp_transcripts/PbP11 - Lia and the Tolanites.md|_local/pbp_transcripts/PbP12 - Meeting in the Vestry.md|_local/pbp_transcripts/PbP14 - Recon.md|_local/pbp_transcripts/PbP15 - Debrief and Safety.md|_local/pbp_transcripts/PbP16 - Nightfall in Elysia.md|_local/pbp_transcripts/PbP17 - Night Meetings.md|_local/session_notes/IWTC session notes 1-50.md|_local/session_notes/IWTC session notes 101-150.md|_local/session_notes/IWTC session notes 51-100.md|_local/session_notes/current_IWTC session notes.md,11
person_unala,Unala Vortoise,169588|169609|169701|169711|169712|169713|169714|169717|169719|169726|169777|169778|169779|169780|169782|169785|169786|169787|169788|169790|169791|169792|169794|169795|169796|169799|169800|169801|169802|169803|169805|169835|169836|169839|169841|169842|169843|169844|169845|169847|169848|169850|169852|169854|169855|169857|169858|169859|169862|169874|169876|169877|169878|169879|169883|169895|169897|169899|169905|169907|169913|169915|169917|169919|169921|169923|169924|169925|169931|169932|169937|169940|169941|169942|169943|170108,76,_local/planning_notes/The Wolfstream Situation.md|_local/planning_notes/current_IWTC names.md|_local/planning_notes/current_IWTC planning notes.md|_local/session_notes/IWTC session notes 1-50.md|_local/session_notes/IWTC session notes 101-150.md|_local/session_notes/IWTC session notes 51-100.md|_local/session_notes/Kavar notes.md|_local/session_notes/current_IWTC session notes.md,8
faction_tolanites,Tolanites,168759|168811|168815|168823|168883|168885|168889|168902|168930|168935|168947|168952|168953|168960|168967|168968|168969|169024|169027|169046|169050|169054|169056|169058|169059|169067|169070|169072|169092|169111|169113|169182|169183|169184|169186|169253|169267|169269|169275|169293|169294|169298|169300|169320|169366|169394|169396|169398|169402|169483|169493|169516|169524|169527|169530|169686|169691|169692|169693|169694|169710|169714|169726|169823|169824|169828|169829|169830,68,_local/pbp_transcripts/PbP11 - Lia and the Tolanites.md|_local/pbp_transcripts/PbP12 - Meeting in the Vestry.md|_local/pbp_transcripts/PbP14 - Recon.md|_local/pbp_transcripts/PbP15 - Debrief and Safety.md|_local/pbp_transcripts/PbP16 - Nightfall in Elysia.md|_local/pbp_transcripts/PbP17 - Night Meetings.md|_local/pbp_transcripts/PbP18 - TBD.md|_local/planning_notes/The Spencer Heir.md|_local/planning_notes/Who Knows What.md|_local/planning_notes/current_Dhassa staged narration.md|_local/session_notes/IWTC session notes 101-150.md|_local/session_notes/current_IWTC session notes.md,12
org_king,King,168885|168886|168888|168960|168985|169021|169028|169044|169050|169054|169067|169068|169089|169101|169181|169182|169186|169192|169232|169269|169270|169320|169343|169344|169347|169349|169350|169354|169379|169390|169394|169396|169398|169399|169402|169483|169530|169549|169553|169595|169691|169693|169695|169696|169697|169698|169699|169701|169705|169708|169799|169801|169809|169811|169812|169820|169821|169823|169824|169829|169862|169910|169948|169966|170109|170111|170121,67,_local/pbp_transcripts/PbP12 - Meeting in the Vestry.md|_local/pbp_transcripts/PbP13 - The Town Square Incident.md|_local/pbp_transcripts/PbP14 - Recon.md|_local/pbp_transcripts/PbP15 - Debrief and Safety.md|_local/pbp_transcripts/PbP16 - Nightfall in Elysia.md|_local/pbp_transcripts/PbP17 - Night Meetings.md|_local/planning_notes/The Spencer Heir.md|_local/planning_notes/The Wolfstream Situation.md|_local/planning_notes/Who Knows What.md|_local/planning_notes/current_Dhassa staged narration.md|_local/planning_notes/current_IWTC names.md|_local/session_notes/IWTC session notes 101-150.md|_local/session_notes/IWTC session notes 51-100.md|_local/session_notes/Kavar notes.md,14
person_credus,Credus,168724|168772|169630|169711|169712|169713|169714|169715|169716|169719|169721|169722|169724|169726|169783|169784|169793|169794|169797|169799|169800|169804|169805|169806|169807|169809|169810|169812|169817|169822|169823|169831|169835|169836|169837|169838|169839|169840|169841|169842|169843|169844|169845|169847|169848|169849|169850|169851|169852|169855|169861|169862|169866|169868|169869|169870|169877|169878|169907|169936|169937|169938|169939|169940|169943,65,_local/pbp_transcripts/PbP11 - Lia and the Tolanites.md|_local/planning_notes/current_IWTC planning notes.md|_local/session_notes/IWTC session notes 1-50.md|_local/session_notes/IWTC session notes 101-150.md|_local/session_notes/IWTC session notes 51-100.md|_local/session_notes/current_IWTC session notes.md,6
person_bre,Breanna Arch,169588|169627|169628|169701|169726|169755|169756|169758|169761|169762|169763|169765|169767|169769|169771|169773|169774|169775|169777|169778|169779|169780|169782|169785|169786|169787|169788|169790|169791|169792|169794|169796|169799|169854|169855|169857|169858|169859|169862|169874|169883|169886|169891|169892|169895|169897|169901|169905|169907|169913|169915|169917|169919|169921|169923|169924|169925|169931|169932|169936|169937|169938|169943|170108,64,_local/planning_notes/The Wolfstream Situation.md|_local/planning_notes/current_IWTC names.md|_local/planning_notes/current_IWTC planning notes.md|_local/session_notes/IWTC session notes 1-50.md|_local/session_notes/IWTC session notes 101-150.md|_local/session_notes/IWTC session notes 51-100.md|_local/session_notes/Kavar notes.md|_local/session_notes/current_IWTC session notes.md,8
person_tanzo,Tanzo,169588|169628|169655|169658|169659|169717|169719|169726|169729|169731|169732|169733|169734|169735|169736|169738|169739|169740|169741|169742|169743|169744|169745|169746|169747|169748|169749|169760|169762|169767|169769|169771|169773|169774|169775|169778|169789|169792|169799|169805|169809|169837|169864|169877|169878|169880|169883|169885|169888|169890|169895|169898|169899|169906|169907|169909|169931|169936|169937|169939|169940|169942,62,_local/planning_notes/The Premature Pods Mystery.md|_local/planning_notes/current_IWTC names.md|_local/planning_notes/current_IWTC planning notes.md|_local/session_notes/IWTC session notes 1-50.md|_local/session_notes/IWTC session notes 101-150.md|_local/session_notes/IWTC session notes 51-100.md|_local/session_notes/current_IWTC session notes.md,7
person_kavar,Kavar Protis,168692|168779|169092|169513|169704|169707|169726|169803|169826|169827|169829|169897|169898|169899|169939|169945|169950|169952|169954|169958|169962|169966|169970|169975|169979|169983|169991|169995|170007|170011|170013|170019|170023|170025|170027|170031|170033|170043|170045|170047|170051|170055|170059|170067|170071|170073|170075|170079|170081|170083|170091|170103|170107|170108|170109|170113|170121|170126|170128|170131,60,_local/pbp_transcripts/PbP10 - The Second Camp.md|_local/pbp_transcripts/PbP11 - Lia and the Tolanites.md|_local/pbp_transcripts/PbP14 - Recon.md|_local/planning_notes/Who Knows What.md|_local/planning_notes/current_Dhassa staged narration.md|_local/session_notes/IWTC session notes 101-150.md|_local/session_notes/IWTC session notes 51-100.md|_local/session_notes/Kavar notes.md|_local/session_notes/current_IWTC session notes.md,9
place_elysia,Elysia,168654|168783|168882|168885|168966|168968|168988|169025|169027|169044|169047|169049|169052|169053|169062|169064|169071|169072|169089|169101|169137|169191|169233|169267|169269|169270|169300|169320|169329|169338|169342|169347|169353|169361|169366|169377|169390|169394|169402|169408|169413|169444|169459|169483|169485|169530|169534|169549|169554|169630|169654|169704|169707|169708|169710|169809|169821|169822|169824,59,_local/pbp_transcripts/PbP10 - The Second Camp.md|_local/pbp_transcripts/PbP11 - Lia and the Tolanites.md|_local/pbp_transcripts/PbP12 - Meeting in the Vestry.md|_local/pbp_transcripts/PbP13 - The Town Square Incident.md|_local/pbp_transcripts/PbP14 - Recon.md|_local/pbp_transcripts/PbP15 - Debrief and Safety.md|_local/pbp_transcripts/PbP16 - Nightfall in Elysia.md|_local/pbp_transcripts/PbP17 - Night Meetings.md|_local/planning_notes/Elulind map descriptions.md|_local/planning_notes/Who Knows What.md|_local/planning_notes/current_Dhassa staged narration.md|_local/planning_notes/current_IWTC names.md|_local/planning_notes/current_IWTC planning notes.md|_local/session_notes/IWTC session notes 101-150.md,14
person_urgulk,Urgulk,168682|168706|168712|168720|168767|168769|168770|168773|168777|168779|168782|168841|168906|168910|168919|168924|168930|168959|168980|169010|169102|169107|169115|169185|169221|169229|169246|169249|169254|169298|169511|169513|169588|169726|169809|169874|169876|169880|169881|169882|169883|169885|169891|169895|169899|169905|169906|169909|169910|169911|169913|169926|169927|169928|169929|169933|169934|169935|169936,59,_local/pbp_transcripts/PbP10 - The Second Camp.md|_local/pbp_transcripts/PbP11 - Lia and the Tolanites.md|_local/pbp_transcripts/PbP12 - Meeting in the Vestry.md|_local/pbp_transcripts/PbP13 - The Town Square Incident.md|_local/pbp_transcripts/PbP14 - Recon.md|_local/pbp_transcripts/PbP15 - Debrief and Safety.md|_local/pbp_transcripts/PbP16 - Nightfall in Elysia.md|_local/planning_notes/Allip Encounter Notes.md|_local/planning_notes/current_Dhassa staged narration.md|_local/planning_notes/current_IWTC names.md|_local/session_notes/IWTC session notes 101-150.md|_local/session_notes/IWTC session notes 51-100.md|_local/session_notes/current_IWTC session notes.md,13
person_liavarah,Liavarah,169089|169463|169511|169588|169711|169712|169713|169715|169719|169726|169799|169801|169805|169817|169818|169825|169831|169832|169833|169834|169839|169841|169842|169843|169844|169845|169846|169847|169848|169849|169850|169851|169852|169878|169880|169881|169883|169885|169891|169892|169895|169897|169898|169903|169905|169906|169907|169910|169911|169926|169927|169928|169929|169933|169934|169935|169936|169937|170108,59,_local/pbp_transcripts/PbP14 - Recon.md|_local/pbp_transcripts/PbP17 - Night Meetings.md|_local/planning_notes/Allip Encounter Notes.md|_local/planning_notes/current_IWTC names.md|_local/session_notes/IWTC session notes 101-150.md|_local/session_notes/IWTC session notes 51-100.md|_local/session_notes/Kavar notes.md|_local/session_notes/current_IWTC session notes.md,8
player_charis,Charis,168673|168689|168696|168765|168769|168777|169132|169144|169252|169287|169347|169727|169763|169765|169789|169860|169945|169947|169951|169955|169959|169963|169967|169972|169976|169980|169984|169988|169992|169996|170000|170004|170008|170012|170016|170020|170024|170028|170030|170034|170038|170040|170044|170048|170052|170056|170060|170064|170068|170072|170076|170080|170084|170088|170092|170096|170100|170104|170131,59,_local/pbp_transcripts/PbP10 - The Second Camp.md|_local/pbp_transcripts/PbP11 - Lia and the Tolanites.md|_local/pbp_transcripts/PbP15 - Debrief and Safety.md|_local/pbp_transcripts/PbP16 - Nightfall in Elysia.md|_local/session_notes/IWTC session notes 1-50.md|_local/session_notes/IWTC session notes 51-100.md|_local/session_notes/Kavar notes.md,7
person_shworn,Shworn Sleepsong,168646|168647|168651|168654|168655|168656|168665|168666|168671|168672|168680|168682|168686|168688|168689|168691|168692|168705|168706|168711|168712|168740|168741|168743|168748|168752|168758|168761|168762|168765|168768|169092|169275|169513|169553|169630|169706|169708|169726|169811|169815|169816|169817|169819|169820|169821|169822|169823|169824|169826|169827|169828|169829|169830|169835|170131,56,_local/pbp_transcripts/PbP10 - The Second Camp.md|_local/pbp_transcripts/PbP11 - Lia and the Tolanites.md|_local/pbp_transcripts/PbP14 - Recon.md|_local/pbp_transcripts/PbP15 - Debrief and Safety.md|_local/planning_notes/Who Knows What.md|_local/planning_notes/current_Dhassa staged narration.md|_local/planning_notes/current_IWTC names.md|_local/planning_notes/current_IWTC planning notes.md|_local/session_notes/IWTC session notes 101-150.md|_local/session_notes/Kavar notes.md|_local/session_notes/current_IWTC session notes.md,11
org_wolfstream,Wolfstream Abbey,169232|169549|169557|169589|169595|169654|169695|169696|169697|169698|169699|169701|169726|169727|169729|169730|169731|169732|169734|169739|169740|169741|169749|169751|169755|169756|169758|169761|169762|169765|169767|169778|169779|169793|169797|169801|169802|169803|169810|169811|169812|169822|169835|169857|169862|169880|169883|169886|169909|169910|169931|169936|169938|169942|169960|169966,56,_local/pbp_transcripts/PbP15 - Debrief and Safety.md|_local/planning_notes/Elulind map descriptions.md|_local/planning_notes/The Wolfstream Situation.md|_local/planning_notes/current_IWTC names.md|_local/session_notes/IWTC session notes 1-50.md|_local/session_notes/IWTC session notes 101-150.md|_local/session_notes/IWTC session notes 51-100.md|_local/session_notes/Kavar notes.md|_local/session_notes/current_IWTC session notes.md,9
person_light,Light of Ironfang,168751|168761|168763|168804|169020|169029|169072|169201|169216|169260|169264|169353|169377|169378|169494|169514|169588|169633|169639|169643|169644|169645|169647|169648|169649|169650|169657|169666|169670|169715|169721|169732|169741|169748|169749|169759|169767|169777|169785|169789|169790|169805|169810|169818|169836|169850|169860|169865|169876|169878|169891|169911|169915|169919|169928,55,_local/pbp_transcripts/PbP11 - Lia and the Tolanites.md|_local/pbp_transcripts/PbP12 - Meeting in the Vestry.md|_local/pbp_transcripts/PbP14 - Recon.md|_local/pbp_transcripts/PbP15 - Debrief and Safety.md|_local/pbp_transcripts/PbP16 - Nightfall in Elysia.md|_local/pbp_transcripts/PbP18 - TBD.md|_local/planning_notes/The Premature Pods Mystery.md|_local/planning_notes/current_Dhassa staged narration.md|_local/planning_notes/current_IWTC names.md|_local/planning_notes/current_Kwalish.md|_local/session_notes/IWTC session notes 1-50.md|_local/session_notes/IWTC session notes 101-150.md|_local/session_notes/IWTC session notes 51-100.md|_local/session_notes/current_IWTC session notes.md,14
person_ronric,Ronric,168970|168994|169003|169004|169005|169014|169016|169017|169020|169028|169046|169083|169085|169086|169087|169089|169127|169170|169181|169182|169183|169211|169253|169269|169270|169275|169293|169294|169298|169307|169311|169312|169313|169314|169315|169316|169320|169321|169328|169329|169402|169504|169513|169532|169533|169534|169535|169536|169537|169538|169539|169540|169541|169542,54,_local/pbp_transcripts/PbP12 - Meeting in the Vestry.md|_local/pbp_transcripts/PbP13 - The Town Square Incident.md|_local/pbp_transcripts/PbP14 - Recon.md|_local/pbp_transcripts/PbP15 - Debrief and Safety.md|_local/pbp_transcripts/PbP16 - Nightfall in Elysia.md|_local/pbp_transcripts/PbP18 - TBD.md|_local/planning_notes/current_Dhassa staged narration.md,7
person_rhys,Rhys Thuryn,168754|168756|168767|168769|168783|168792|168794|168795|168797|168800|168823|168824|168829|168832|168837|168839|168840|168855|168856|168857|168858|168869|168878|168885|168889|168890|168892|168904|168945|168947|168985|169021|169026|169027|169029|169054|169055|169077|169101|169268|169289|169290|169319|169513|169514|169527|169529|169530|169531|169686|169824|169830,52,_local/pbp_transcripts/PbP11 - Lia and the Tolanites.md|_local/pbp_transcripts/PbP12 - Meeting in the Vestry.md|_local/pbp_transcripts/PbP13 - The Town Square Incident.md|_local/pbp_transcripts/PbP14 - Recon.md|_local/pbp_transcripts/PbP15 - Debrief and Safety.md|_local/pbp_transcripts/PbP16 - Nightfall in Elysia.md|_local/planning_notes/The Spencer Heir.md|_local/planning_notes/current_Dhassa staged narration.md|_local/session_notes/IWTC session notes 101-150.md,9
person_jane,Jane,169123|169588|169606|169628|169666|169718|169726|169732|169733|169738|169739|169740|169741|169742|169743|169744|169745|169746|169747|169748|169756|169759|169762|169763|169765|169767|169769|169771|169773|169774|169775|169804|169807|169809|169812|169815|169817|169854|169859|169868|169878|169879|169883|169885|169895|169904|169907|169937|169940|169942|169943|169944,52,_local/pbp_transcripts/PbP14 - Recon.md|_local/planning_notes/The Premature Pods Mystery.md|_local/planning_notes/current_IWTC names.md|_local/planning_notes/current_IWTC planning notes.md|_local/session_notes/IWTC session notes 1-50.md|_local/session_notes/IWTC session notes 101-150.md|_local/session_notes/IWTC session notes 51-100.md|_local/session_notes/current_IWTC session notes.md,8
person_aren,Aren,168658|168795|168851|168900|168905|168930|168932|168940|168945|168960|168964|169027|169044|169052|169089|169106|169129|169186|169249|169269|169294|169313|169349|169350|169512|169593|169605|169658|169711|169719|169722|169731|169751|169774|169785|169790|169797|169819|169820|169823|169825|169829|169876|169897|169923|169924|169936|170021|170023|170037|170108,51,_local/pbp_transcripts/PbP10 - The Second Camp.md|_local/pbp_transcripts/PbP12 - Meeting in the Vestry.md|_local/pbp_transcripts/PbP14 - Recon.md|_local/pbp_transcripts/PbP15 - Debrief and Safety.md|_local/pbp_transcripts/PbP16 - Nightfall in Elysia.md|_local/planning_notes/Allip Encounter Notes.md|_local/planning_notes/The Premature Pods Mystery.md|_local/planning_notes/current_IWTC names.md|_local/planning_notes/current_IWTC planning notes.md|_local/session_notes/IWTC session notes 1-50.md|_local/session_notes/IWTC session notes 101-150.md|_local/session_notes/IWTC session notes 51-100.md|_local/session_notes/Kavar notes.md|_local/session_notes/current_IWTC session notes.md,14
person_mercy,Mercy Windriver,169162|169238|169588|169705|169724|169726|169734|169739|169748|169767|169775|169792|169793|169797|169799|169800|169805|169808|169809|169812|169817|169818|169836|169840|169862|169866|169877|169878|169880|169881|169883|169885|169892|169896|169897|169899|169901|169903|169904|169905|169906|169907|169930|169936|169937|169939|169940|169942|169943|169944|170108,51,_local/pbp_transcripts/PbP15 - Debrief and Safety.md|_local/planning_notes/Who Knows What.md|_local/planning_notes/current_IWTC names.md|_local/session_notes/IWTC session notes 1-50.md|_local/session_notes/IWTC session notes 101-150.md|_local/session_notes/IWTC session notes 51-100.md|_local/session_notes/Kavar notes.md|_local/session_notes/current_IWTC session notes.md,8
faction_remedy,Arimid’s Remedy,168654|168793|168795|168883|168884|168885|168952|168954|168961|168965|169056|169059|169060|169067|169111|169140|169194|169203|169253|169268|169273|169294|169306|169317|169318|169405|169459|169464|169483|169519|169521|169523|169524|169527|169529|169530|169546|169554|169689|169690|169691|169694|169704|169707|169709|169710|169829|169830,48,_local/pbp_transcripts/PbP10 - The Second Camp.md|_local/pbp_transcripts/PbP12 - Meeting in the Vestry.md|_local/pbp_transcripts/PbP14 - Recon.md|_local/pbp_transcripts/PbP15 - Debrief and Safety.md|_local/pbp_transcripts/PbP16 - Nightfall in Elysia.md|_local/pbp_transcripts/PbP17 - Night Meetings.md|_local/planning_notes/The Spencer Heir.md|_local/planning_notes/Who Knows What.md|_local/planning_notes/current_Dhassa staged narration.md|_local/planning_notes/current_IWTC names.md|_local/session_notes/IWTC session notes 101-150.md,11
person_evaine,Evaine MacRorie Thuryn,168750|168751|168754|168755|168756|168759|168767|168769|168783|168795|168800|168835|168839|168855|168889|168891|168892|168893|168904|168915|168930|168935|168953|168980|168981|168985|169016|169021|169025|169026|169029|169058|169268|169298|169353|169415|169497|169513|169516|169518|169527|169529|169531,43,_local/pbp_transcripts/PbP11 - Lia and the Tolanites.md|_local/pbp_transcripts/PbP12 - Meeting in the Vestry.md|_local/pbp_transcripts/PbP13 - The Town Square Incident.md|_local/pbp_transcripts/PbP14 - Recon.md|_local/pbp_transcripts/PbP15 - Debrief and Safety.md|_local/pbp_transcripts/PbP16 - Nightfall in Elysia.md|_local/pbp_transcripts/PbP17 - Night Meetings.md|_local/pbp_transcripts/PbP18 - TBD.md|_local/planning_notes/current_Dhassa staged narration.md,9
person_liacyne,Liacyne Heseth,169346|169588|169644|169717|169719|169722|169724|169726|169796|169797|169799|169805|169809|169854|169855|169857|169858|169862|169874|169877|169881|169883|169885|169891|169895|169905|169906|169907|169909|169913|169915|169917|169919|169921|169923|169924|169925|169931|169932|169937|169938|169939|169943,43,_local/pbp_transcripts/PbP16 - Nightfall in Elysia.md|_local/planning_notes/current_IWTC names.md|_local/planning_notes/current_Kwalish.md|_local/session_notes/IWTC session notes 1-50.md|_local/session_notes/IWTC session notes 101-150.md|_local/session_notes/IWTC session notes 51-100.md|_local/session_notes/current_IWTC session notes.md,7
place_dhassa,Dhassa,168746|168747|168952|168955|168959|168980|169077|169115|169117|169236|169369|169370|169431|169502|169530|169549|169553|169630|169654|169704|169707|169709|169726|169810|169814|169816|169817|169819|169820|169822|169823|169824|169828|169829|169835|169897|169910|169948|170108|170109|170121,41,_local/pbp_transcripts/PbP11 - Lia and the Tolanites.md|_local/pbp_transcripts/PbP12 - Meeting in the Vestry.md|_local/pbp_transcripts/PbP13 - The Town Square Incident.md|_local/pbp_transcripts/PbP14 - Recon.md|_local/pbp_transcripts/PbP15 - Debrief and Safety.md|_local/pbp_transcripts/PbP16 - Nightfall in Elysia.md|_local/pbp_transcripts/PbP17 - Night Meetings.md|_local/pbp_transcripts/PbP18 - TBD.md|_local/planning_notes/Elulind map descriptions.md|_local/planning_notes/Who Knows What.md|_local/planning_notes/current_Dhassa staged narration.md|_local/planning_notes/current_IWTC names.md|_local/planning_notes/current_IWTC planning notes.md|_local/session_notes/IWTC session notes 101-150.md|_local/session_notes/IWTC session notes 51-100.md|_local/session_notes/Kavar notes.md|_local/session_notes/current_IWTC session notes.md,17
player_phil,Phil,169824|169949|169953|169957|169961|169965|169969|169974|169978|169982|169986|169990|169994|169998|170002|170006|170010|170014|170018|170022|170026|170032|170036|170042|170046|170050|170054|170058|170062|170066|170070|170074|170078|170082|170086|170090|170094|170098|170102|170106,40,_local/session_notes/IWTC session notes 101-150.md|_local/session_notes/Kavar notes.md,2
person_gina,Gina,168953|168964|168970|169004|169005|169016|169020|169028|169032|169037|169043|169044|169045|169046|169047|169049|169051|169053|169055|169056|169057|169059|169061|169062|169084|169085|169089|169140|169162|169170|169181|169182|169269|169302|169374|169442|169443|169513|169554,39,_local/pbp_transcripts/PbP12 - Meeting in the Vestry.md|_local/pbp_transcripts/PbP13 - The Town Square Incident.md|_local/pbp_transcripts/PbP14 - Recon.md|_local/pbp_transcripts/PbP15 - Debrief and Safety.md|_local/pbp_transcripts/PbP16 - Nightfall in Elysia.md|_local/pbp_transcripts/PbP17 - Night Meetings.md|_local/planning_notes/current_Dhassa staged narration.md|_local/planning_notes/current_IWTC names.md,8
person_joram,Joram MacRorie,168783|168789|168795|168800|168811|168814|168818|168822|168825|168835|168840|168852|168855|168861|168869|168874|168880|168884|168891|168892|168897|168904|168931|168936|168947|168985|169002|169005|169014|169016|169021|169026|169029|169077|169101|169267|169319|169513|169527,39,_local/pbp_transcripts/PbP11 - Lia and the Tolanites.md|_local/pbp_transcripts/PbP12 - Meeting in the Vestry.md|_local/pbp_transcripts/PbP13 - The Town Square Incident.md|_local/pbp_transcripts/PbP14 - Recon.md|_local/pbp_transcripts/PbP15 - Debrief and Safety.md|_local/pbp_transcripts/PbP16 - Nightfall in Elysia.md|_local/planning_notes/current_Dhassa staged narration.md,7
creat_little_bear,Little Bear,168818|168847|168868|168915|168996|169021|169210|169232|169249|169335|169353|169372|169376|169378|169386|169412|169497|169588|169737|169740|169741|169742|169744|169748|169759|169786|169787|169811|169823|169829|169830|169840|169843|169848|169857|169859|169938|169940,38,_local/pbp_transcripts/PbP12 - Meeting in the Vestry.md|_local/pbp_transcripts/PbP13 - The Town Square Incident.md|_local/pbp_transcripts/PbP14 - Recon.md|_local/pbp_transcripts/PbP15 - Debrief and Safety.md|_local/pbp_transcripts/PbP16 - Nightfall in Elysia.md|_local/pbp_transcripts/PbP18 - TBD.md|_local/planning_notes/current_IWTC names.md|_local/session_notes/IWTC session notes 1-50.md|_local/session_notes/IWTC session notes 101-150.md|_local/session_notes/IWTC session notes 51-100.md,10
person_ricardo,Ricardo Alcocer,168783|168789|168793|168795|168800|168810|168811|168814|168818|168884|168885|168897|168899|168914|168917|168930|168936|168947|168949|168952|168959|168960|168961|168980|169014|169021|169026|169029|169059|169077|169101|169513|169527|169529|169689,35,_local/pbp_transcripts/PbP11 - Lia and the Tolanites.md|_local/pbp_transcripts/PbP12 - Meeting in the Vestry.md|_local/pbp_transcripts/PbP13 - The Town Square Incident.md|_local/pbp_transcripts/PbP14 - Recon.md|_local/planning_notes/The Spencer Heir.md|_local/planning_notes/current_Dhassa staged narration.md,6
person_holly,Holly,169588|169632|169639|169645|169658|169660|169661|169667|169670|169676|169683|169711|169712|169713|169714|169715|169716|169717|169718|169719|169721|169722|169724|169839|169840|169841|169842|169843|169844|169845|169847|169848|169850|169851|169852,35,_local/planning_notes/The Premature Pods Mystery.md|_local/planning_notes/current_IWTC names.md|_local/planning_notes/current_Kwalish.md|_local/session_notes/IWTC session notes 101-150.md|_local/session_notes/current_IWTC session notes.md,5
org_academy,Elysia Academy,168664|168696|168697|168824|168882|168890|168953|168961|169021|169027|169046|169059|169067|169070|169347|169353|169387|169389|169390|169394|169402|169408|169410|169470|169522|169530|169623|169713|169722|169809|169889|169899|169902|169930,34,_local/pbp_transcripts/PbP10 - The Second Camp.md|_local/pbp_transcripts/PbP12 - Meeting in the Vestry.md|_local/pbp_transcripts/PbP14 - Recon.md|_local/pbp_transcripts/PbP16 - Nightfall in Elysia.md|_local/pbp_transcripts/PbP17 - Night Meetings.md|_local/planning_notes/current_Dhassa staged narration.md|_local/planning_notes/current_IWTC planning notes.md|_local/session_notes/IWTC session notes 101-150.md|_local/session_notes/IWTC session notes 51-100.md|_local/session_notes/current_IWTC session notes.md,10
place_brightfields,Brightfields,169549|169588|169654|169729|169730|169731|169732|169734|169735|169739|169748|169749|169755|169756|169767|169769|169795|169797|169810|169835|169836|169837|169838|169840|169849|169854|169878|169879|169899|169910|169913|169929|169936|169942,34,_local/planning_notes/Elulind map descriptions.md|_local/planning_notes/current_IWTC names.md|_local/session_notes/IWTC session notes 1-50.md|_local/session_notes/IWTC session notes 101-150.md|_local/session_notes/IWTC session notes 51-100.md,5
person_vyssa,Vyssa,168970|168994|169003|169004|169005|169014|169016|169046|169085|169089|169211|169237|169240|169269|169275|169294|169298|169306|169312|169321|169349|169350|169352|169353|169379|169381|169383|169384|169387|169392|169471|169513|169530,33,_local/pbp_transcripts/PbP12 - Meeting in the Vestry.md|_local/pbp_transcripts/PbP13 - The Town Square Incident.md|_local/pbp_transcripts/PbP14 - Recon.md|_local/pbp_transcripts/PbP15 - Debrief and Safety.md|_local/pbp_transcripts/PbP16 - Nightfall in Elysia.md|_local/pbp_transcripts/PbP17 - Night Meetings.md|_local/planning_notes/current_Dhassa staged narration.md,7
person_bear,Bear,168705|168796|169317|169588|169726|169731|169737|169779|169791|169797|169858|169862|169874|169877|169883|169886|169891|169895|169897|169907|169913|169915|169917|169919|169921|169923|169924|169925|169936|169937|169938|170108,32,_local/pbp_transcripts/PbP10 - The Second Camp.md|_local/pbp_transcripts/PbP12 - Meeting in the Vestry.md|_local/pbp_transcripts/PbP16 - Nightfall in Elysia.md|_local/planning_notes/current_IWTC names.md|_local/session_notes/IWTC session notes 1-50.md|_local/session_notes/IWTC session notes 51-100.md|_local/session_notes/Kavar notes.md|_local/session_notes/current_IWTC session notes.md,8
player_venric,Venric,168788|168791|168805|169712|169713|169714|169716|169803|169804|169805|169807|169808|169809|169811|169815|169816|169817|169819|169820|169821|169823|169834|169837|169838|169844|169845|169877|169891|169905|169907|169935|170131,32,_local/pbp_transcripts/PbP11 - Lia and the Tolanites.md|_local/pbp_transcripts/PbP12 - Meeting in the Vestry.md|_local/session_notes/IWTC session notes 101-150.md|_local/session_notes/IWTC session notes 51-100.md|_local/session_notes/Kavar notes.md|_local/session_notes/current_IWTC session notes.md,6
person_katy,Katy,169588|169632|169639|169658|169660|169661|169667|169676|169683|169712|169713|169714|169716|169718|169719|169720|169721|169722|169726|169838|169839|169840|169841|169842|169843|169844|169845|169847|169848|169849|169850|169852,32,_local/planning_notes/The Premature Pods Mystery.md|_local/planning_notes/current_IWTC names.md|_local/planning_notes/current_Kwalish.md|_local/session_notes/IWTC session notes 101-150.md|_local/session_notes/current_IWTC session notes.md,5
person_saphira,Saphira Celestia,169588|169712|169713|169714|169716|169720|169722|169726|169799|169805|169806|169807|169809|169812|169817|169825|169832|169833|169841|169842|169843|169845|169847|169848|169849|169850|169852|169937|169941|169942|169943|169944,32,_local/planning_notes/current_IWTC names.md|_local/session_notes/IWTC session notes 101-150.md|_local/session_notes/IWTC session notes 51-100.md|_local/session_notes/current_IWTC session notes.md,4
place_blackburn,Blackburn,169549|169590|169654|169751|169752|169755|169756|169803|169808|169810|169835|169878|169879|169880|169883|169890|169895|169896|169897|169898|169899|169905|169907|169913|169936|169937|169939|169940|169943|170108,30,_local/planning_notes/Elulind map descriptions.md|_local/planning_notes/current_IWTC names.md|_local/session_notes/IWTC session notes 1-50.md|_local/session_notes/IWTC session notes 101-150.md|_local/session_notes/IWTC session notes 51-100.md|_local/session_notes/Kavar notes.md,6
creat_pet,Pet,169588|169711|169712|169713|169717|169797|169835|169839|169841|169842|169843|169844|169847|169848|169849|169850|169854|169855|169859|169876|169878|169879|169913|169915|169917|169919|169923|169931|169941|169943,30,_local/planning_notes/current_IWTC names.md|_local/session_notes/IWTC session notes 1-50.md|_local/session_notes/IWTC session notes 101-150.md|_local/session_notes/IWTC session notes 51-100.md|_local/session_notes/current_IWTC session notes.md,5
person_makhala,Makhala,168793|168800|168818|168821|168829|168876|168885|168904|168930|168935|168936|168953|168959|169203|169317|169405|169426|169444|169476|169482|169484|169486|169513|169527|169529|169544|169686|169688,28,_local/pbp_transcripts/PbP12 - Meeting in the Vestry.md|_local/pbp_transcripts/PbP15 - Debrief and Safety.md|_local/pbp_transcripts/PbP16 - Nightfall in Elysia.md|_local/pbp_transcripts/PbP17 - Night Meetings.md|_local/planning_notes/The Spencer Heir.md|_local/planning_notes/current_Dhassa staged narration.md,6
person_darren,Darren Moore,169588|169726|169799|169809|169825|169832|169833|169834|169862|169902|169904|169905|169907|169913|169915|169917|169919|169921|169923|169924|169925|169931|169932|169937|169940|169941|169942|169944,28,_local/planning_notes/current_IWTC names.md|_local/session_notes/IWTC session notes 101-150.md|_local/session_notes/IWTC session notes 51-100.md|_local/session_notes/current_IWTC session notes.md,4
person_elaris,Elaris Thorne,169588|169632|169639|169658|169660|169661|169667|169675|169676|169683|169711|169712|169713|169714|169716|169717|169718|169719|169720|169723|169843|169845|169847|169848|169849|169850|169852,27,_local/planning_notes/The Premature Pods Mystery.md|_local/planning_notes/current_IWTC names.md|_local/planning_notes/current_Kwalish.md|_local/session_notes/IWTC session notes 101-150.md|_local/session_notes/current_IWTC session notes.md,5
person_sala,Salaisha,169588|169712|169713|169714|169715|169726|169799|169800|169805|169809|169817|169820|169877|169878|169883|169895|169897|169899|169904|169905|169907|169913|169915|169917|169931|169943|170108,27,_local/planning_notes/current_IWTC names.md|_local/session_notes/IWTC session notes 101-150.md|_local/session_notes/IWTC session notes 51-100.md|_local/session_notes/Kavar notes.md|_local/session_notes/current_IWTC session notes.md,5
person_poppy,Poppy Everhold,169588|169712|169713|169714|169716|169719|169799|169800|169805|169810|169817|169825|169832|169833|169834|169839|169841|169842|169843|169860|169870|169877|169880|169885|169900|169913|169936,27,_local/planning_notes/current_IWTC names.md|_local/session_notes/IWTC session notes 101-150.md|_local/session_notes/IWTC session notes 51-100.md|_local/session_notes/current_IWTC session notes.md,4
person_aniya,Aniya Laccion,169213|169588|169628|169718|169719|169722|169724|169726|169793|169797|169804|169825|169833|169834|169855|169864|169877|169883|169886|169891|169895|169896|169907|169908|169937|169938,26,_local/pbp_transcripts/PbP15 - Debrief and Safety.md|_local/planning_notes/current_IWTC names.md|_local/planning_notes/current_IWTC planning notes.md|_local/session_notes/IWTC session notes 1-50.md|_local/session_notes/IWTC session notes 101-150.md|_local/session_notes/IWTC session notes 51-100.md|_local/session_notes/current_IWTC session notes.md,7
person_cergad,Cergad,169588|169591|169606|169718|169753|169754|169769|169771|169773|169774|169778|169792|169870|169876|169878|169879|169890|169899|169915|169917|169924|169925|169931|169937|169942,25,_local/planning_notes/current_IWTC names.md|_local/planning_notes/current_IWTC planning notes.md|_local/session_notes/IWTC session notes 1-50.md|_local/session_notes/IWTC session notes 51-100.md|_local/session_notes/current_IWTC session notes.md,5
org_myconids,Myconids,168942|169598|169600|169606|169628|169658|169659|169666|169667|169718|169748|169804|169805|169809|169810|169812|169817|169881|169882|169883|169885|169886|169904,23,_local/pbp_transcripts/PbP12 - Meeting in the Vestry.md|_local/planning_notes/The Premature Pods Mystery.md|_local/planning_notes/current_IWTC names.md|_local/planning_notes/current_IWTC planning notes.md|_local/session_notes/IWTC session notes 1-50.md|_local/session_notes/IWTC session notes 101-150.md|_local/session_notes/IWTC session notes 51-100.md|_local/session_notes/current_IWTC session notes.md,8
person_fulbert,Fulbert Highwell,169588|169726|169793|169794|169800|169809|169812|169825|169831|169861|169862|169868|169870|169877|169881|169882|169883|169885|169891|169895|169897|169907|170108,23,_local/planning_notes/current_IWTC names.md|_local/session_notes/IWTC session notes 1-50.md|_local/session_notes/IWTC session notes 101-150.md|_local/session_notes/IWTC session notes 51-100.md|_local/session_notes/Kavar notes.md|_local/session_notes/current_IWTC session notes.md,6
person_garrick,Garrick,168782|169588|169726|169799|169800|169801|169802|169803|169808|169832|169833|169834|169917|169919|169921|169923|169924|169925|169931|169932|169936|169941|169944,23,_local/pbp_transcripts/PbP11 - Lia and the Tolanites.md|_local/planning_notes/current_IWTC names.md|_local/session_notes/IWTC session notes 101-150.md|_local/session_notes/IWTC session notes 51-100.md|_local/session_notes/current_IWTC session notes.md,5
artifact_folly,Albrun's Folly,169390|169593|169799|169800|169801|169802|169803|169805|169808|169810|169812|169831|169839|169841|169921|169923|169925|169931|169936|169937|169941|169942|169944,23,_local/pbp_transcripts/PbP16 - Nightfall in Elysia.md|_local/planning_notes/current_IWTC names.md|_local/session_notes/IWTC session notes 101-150.md|_local/session_notes/IWTC session notes 51-100.md,4
person_drib,Drib Gnoss,169588|169726|169776|169777|169778|169779|169780|169782|169785|169786|169787|169788|169790|169791|169792|169794|169796|169858|169883|169888|169890|169895|169909,23,_local/planning_notes/current_IWTC names.md|_local/session_notes/IWTC session notes 1-50.md|_local/session_notes/IWTC session notes 51-100.md|_local/session_notes/current_IWTC session notes.md,4
place_elulind,Kingdom of Elulind,168698|168884|168885|168893|168901|168902|168961|169069|169071|169254|169270|169530|169549|169553|169654|169691|169693|169701|169710|169761|169820|169948,22,_local/pbp_transcripts/PbP10 - The Second Camp.md|_local/pbp_transcripts/PbP12 - Meeting in the Vestry.md|_local/pbp_transcripts/PbP14 - Recon.md|_local/pbp_transcripts/PbP15 - Debrief and Safety.md|_local/planning_notes/Elulind map descriptions.md|_local/planning_notes/The Spencer Heir.md|_local/planning_notes/The Wolfstream Situation.md|_local/planning_notes/Who Knows What.md|_local/planning_notes/current_Dhassa staged narration.md|_local/planning_notes/current_IWTC names.md|_local/session_notes/IWTC session notes 1-50.md|_local/session_notes/IWTC session notes 101-150.md|_local/session_notes/Kavar notes.md,13
person_jemmy,Jemmy,169588|169731|169732|169733|169734|169735|169736|169739|169740|169742|169744|169745|169746|169749|169762|169763|169765|169767|169797|169837|169838|169899,22,_local/planning_notes/current_IWTC names.md|_local/session_notes/IWTC session notes 1-50.md|_local/session_notes/IWTC session notes 101-150.md|_local/session_notes/IWTC session notes 51-100.md,4
person_todd,Todd,168970|169016|169085|169089|169183|169190|169275|169307|169309|169310|169311|169312|169314|169327|169469|169471|169504|169506|169509,19,_local/pbp_transcripts/PbP12 - Meeting in the Vestry.md|_local/pbp_transcripts/PbP13 - The Town Square Incident.md|_local/pbp_transcripts/PbP14 - Recon.md|_local/pbp_transcripts/PbP15 - Debrief and Safety.md|_local/pbp_transcripts/PbP16 - Nightfall in Elysia.md|_local/pbp_transcripts/PbP17 - Night Meetings.md|_local/pbp_transcripts/PbP18 - TBD.md,7
person_moon,Moon,168967|169018|169055|169216|169609|169610|169611|169612|169613|169614|169627|169628|169724|169726|169823|169868|169873|170029,18,_local/pbp_transcripts/PbP12 - Meeting in the Vestry.md|_local/pbp_transcripts/PbP13 - The Town Square Incident.md|_local/pbp_transcripts/PbP14 - Recon.md|_local/pbp_transcripts/PbP15 - Debrief and Safety.md|_local/planning_notes/current_IWTC planning notes.md|_local/session_notes/IWTC session notes 101-150.md|_local/session_notes/IWTC session notes 51-100.md|_local/session_notes/Kavar notes.md|_local/session_notes/current_IWTC session notes.md,9
place_guldrur,Guldrur,169549|169550|169597|169654|169717|169799|169800|169803|169806|169835|169855|169857|169858|169862|169876|169880|169906|169910,18,_local/planning_notes/Elulind map descriptions.md|_local/planning_notes/current_IWTC names.md|_local/session_notes/IWTC session notes 101-150.md|_local/session_notes/IWTC session notes 51-100.md|_local/session_notes/current_IWTC session notes.md,5
faction_sleepsong,Sleepsong,168761|169191|169275|169588|169708|169810|169821|169824|169827|169897|169905|169910|169927|169928|170109|170115|170126,17,_local/pbp_transcripts/PbP11 - Lia and the Tolanites.md|_local/pbp_transcripts/PbP15 - Debrief and Safety.md|_local/planning_notes/Who Knows What.md|_local/planning_notes/current_IWTC names.md|_local/session_notes/IWTC session notes 101-150.md|_local/session_notes/IWTC session notes 51-100.md|_local/session_notes/Kavar notes.md,7
person_newberry,Evan Newberry,169595|169696|169697|169698|169699|169701|169800|169801|169808|169812|169822|169835|169862|169906|169913|169940|169942,17,_local/planning_notes/The Wolfstream Situation.md|_local/planning_notes/current_IWTC names.md|_local/session_notes/IWTC session notes 101-150.md|_local/session_notes/IWTC session notes 51-100.md,4
place_stonehome,Stonehome,169232|169549|169551|169596|169606|169654|169726|169742|169748|169835|169906|169909|169910|169937|169938|169943,16,_local/pbp_transcripts/PbP15 - Debrief and Safety.md|_local/planning_notes/Elulind map descriptions.md|_local/planning_notes/current_IWTC names.md|_local/planning_notes/current_IWTC planning notes.md|_local/session_notes/IWTC session notes 1-50.md|_local/session_notes/IWTC session notes 101-150.md|_local/session_notes/IWTC session notes 51-100.md|_local/session_notes/current_IWTC session notes.md,8
person_soren,Soren,169588|169701|169718|169778|169797|169825|169835|169836|169854|169855|169862|169886|169897|169910|169913|170108,16,_local/planning_notes/The Wolfstream Situation.md|_local/planning_notes/current_IWTC names.md|_local/session_notes/IWTC session notes 1-50.md|_local/session_notes/IWTC session notes 101-150.md|_local/session_notes/IWTC session notes 51-100.md|_local/session_notes/Kavar notes.md|_local/session_notes/current_IWTC session notes.md,7
creat_huana,Huana,169712|169713|169799|169804|169809|169817|169836|169837|169842|169847|169849|169850|169870|169936|169937|169938,16,_local/session_notes/IWTC session notes 101-150.md|_local/session_notes/IWTC session notes 51-100.md|_local/session_notes/current_IWTC session notes.md,3
place_trollhills,Trollhills,169549|169591|169654|169878|169880|169896|169897|169899|169905|169913|169915|169917|169919|169921|169923|169936,16,_local/planning_notes/Elulind map descriptions.md|_local/planning_notes/current_IWTC names.md|_local/session_notes/IWTC session notes 51-100.md,3
person_avarna,Avarna,168687|168688|168689|168696|168940|169236|169630|169819|169820|169821|169823|169824|169827|169828|169829,15,_local/pbp_transcripts/PbP10 - The Second Camp.md|_local/pbp_transcripts/PbP12 - Meeting in the Vestry.md|_local/pbp_transcripts/PbP15 - Debrief and Safety.md|_local/planning_notes/current_IWTC planning notes.md|_local/session_notes/IWTC session notes 101-150.md,5
person_cara,Cara Windsoul,169588|169603|169719|169726|169805|169809|169818|169825|169832|169833|169834|169862|169902|169903|169904,15,_local/planning_notes/current_IWTC names.md|_local/planning_notes/current_IWTC planning notes.md|_local/session_notes/IWTC session notes 101-150.md|_local/session_notes/IWTC session notes 51-100.md|_local/session_notes/current_IWTC session notes.md,5
person_hadar,Hadar,169511|169719|169799|169801|169818|169842|169847|169849|169897|169926|169927|169928|169934|169936|170108,15,_local/planning_notes/Allip Encounter Notes.md|_local/session_notes/IWTC session notes 101-150.md|_local/session_notes/IWTC session notes 51-100.md|_local/session_notes/Kavar notes.md|_local/session_notes/current_IWTC session notes.md,5
place_rarmal,Rarmal,169549|169550|169597|169654|169801|169802|169803|169805|169806|169835|169906|169909|169910|169938|169942,15,_local/planning_notes/Elulind map descriptions.md|_local/planning_notes/current_IWTC names.md|_local/session_notes/IWTC session notes 101-150.md|_local/session_notes/IWTC session notes 51-100.md,4
place_wolfstream,Wolfstream Village,168899|169549|169558|169654|169696|169699|169701|169739|169740|169808|169810|169903|169910|169931,14,_local/pbp_transcripts/PbP12 - Meeting in the Vestry.md|_local/planning_notes/Elulind map descriptions.md|_local/planning_notes/The Wolfstream Situation.md|_local/planning_notes/current_IWTC names.md|_local/session_notes/IWTC session notes 1-50.md|_local/session_notes/IWTC session notes 101-150.md|_local/session_notes/IWTC session notes 51-100.md,7
faction_modrons,Modrons,168742|168744|169630|169724|169784|169794|169835|169866|169869|169870|169877|169936|169938|169939,14,_local/pbp_transcripts/PbP11 - Lia and the Tolanites.md|_local/planning_notes/current_IWTC planning notes.md|_local/session_notes/IWTC session notes 1-50.md|_local/session_notes/IWTC session notes 101-150.md|_local/session_notes/IWTC session notes 51-100.md|_local/session_notes/current_IWTC session notes.md,6
person_emily,Emily Ashton,168654|168657|168658|168665|168769|169031|169067|169073|169479|169480|169482|169486|169513|169830,14,_local/pbp_transcripts/PbP10 - The Second Camp.md|_local/pbp_transcripts/PbP11 - Lia and the Tolanites.md|_local/pbp_transcripts/PbP14 - Recon.md|_local/pbp_transcripts/PbP17 - Night Meetings.md|_local/planning_notes/current_Dhassa staged narration.md|_local/session_notes/IWTC session notes 101-150.md,6
place_thurway,Thurway,169072|169186|169549|169558|169654|169709|169810|169812|169814|169815|169816|169819|169821|169824,14,_local/pbp_transcripts/PbP14 - Recon.md|_local/pbp_transcripts/PbP15 - Debrief and Safety.md|_local/planning_notes/Elulind map descriptions.md|_local/planning_notes/Who Knows What.md|_local/planning_notes/current_IWTC names.md|_local/session_notes/IWTC session notes 101-150.md,6
person_eghad,Eghad,169549|169588|169654|169786|169787|169790|169791|169792|169793|169818|169860|169890|169907|169937,14,_local/planning_notes/Elulind map descriptions.md|_local/planning_notes/current_IWTC names.md|_local/session_notes/IWTC session notes 1-50.md|_local/session_notes/IWTC session notes 101-150.md|_local/session_notes/IWTC session notes 51-100.md,5
person_spike,Spike of Ironfang,168870|169588|169717|169738|169741|169744|169746|169762|169765|169767|169777|169789|169902,13,_local/pbp_transcripts/PbP12 - Meeting in the Vestry.md|_local/planning_notes/current_IWTC names.md|_local/session_notes/IWTC session notes 1-50.md|_local/session_notes/IWTC session notes 51-100.md|_local/session_notes/current_IWTC session notes.md,5
person_baltael,Baltael,169625|169799|169848|169859|169865|169899|169902|169905|169910|169928|169934|169935|169940,13,_local/planning_notes/current_IWTC planning notes.md|_local/session_notes/IWTC session notes 101-150.md|_local/session_notes/IWTC session notes 51-100.md,3
org_ravencrest,Ravencrest,169092|169530|169630|169709|169815|169816|169817|169820|169823|169824|169829|170126,12,_local/pbp_transcripts/PbP14 - Recon.md|_local/planning_notes/Who Knows What.md|_local/planning_notes/current_Dhassa staged narration.md|_local/planning_notes/current_IWTC planning notes.md|_local/session_notes/IWTC session notes 101-150.md|_local/session_notes/Kavar notes.md,6
place_torenth,Torenth,169361|169549|169630|169654|169821|169822|169960|169966|169970|169975|169981|170043,12,_local/pbp_transcripts/PbP16 - Nightfall in Elysia.md|_local/planning_notes/Elulind map descriptions.md|_local/planning_notes/current_IWTC names.md|_local/planning_notes/current_IWTC planning notes.md|_local/session_notes/IWTC session notes 101-150.md|_local/session_notes/Kavar notes.md,6
faction_spencer,Spencer,168646|168955|169684|169685|169690|169691|169692|169696|169697|169698|169699|169830,12,_local/pbp_transcripts/PbP10 - The Second Camp.md|_local/pbp_transcripts/PbP12 - Meeting in the Vestry.md|_local/planning_notes/The Spencer Heir.md|_local/planning_notes/The Wolfstream Situation.md|_local/session_notes/IWTC session notes 101-150.md,5
person_bixley,Bixley,169588|169712|169716|169719|169806|169812|169817|169825|169831|169832|169834|169939,12,_local/planning_notes/current_IWTC names.md|_local/session_notes/IWTC session notes 101-150.md|_local/session_notes/IWTC session notes 51-100.md|_local/session_notes/current_IWTC session notes.md,4
org_spire,Spire,169724|169796|169797|169854|169855|169863|169864|169870|169906|169907|169908|169939,12,_local/session_notes/IWTC session notes 1-50.md|_local/session_notes/IWTC session notes 51-100.md|_local/session_notes/current_IWTC session notes.md,3
place_tolan,Kingdom of Tolàn,168698|168884|168885|168893|168960|168961|169069|169071|169549|169654|169692,11,_local/pbp_transcripts/PbP10 - The Second Camp.md|_local/pbp_transcripts/PbP12 - Meeting in the Vestry.md|_local/pbp_transcripts/PbP14 - Recon.md|_local/planning_notes/Elulind map descriptions.md|_local/planning_notes/The Spencer Heir.md|_local/planning_notes/current_IWTC names.md,6
person_beni,Beni Tinkerlaugh,169596|169726|169742|169743|169744|169745|169748|169762|169906|169909|169937,11,_local/planning_notes/current_IWTC names.md|_local/session_notes/IWTC session notes 1-50.md|_local/session_notes/IWTC session notes 51-100.md|_local/session_notes/current_IWTC session notes.md,4
person_idolus,Idolus,169588|169726|169857|169858|169862|169874|169877|169883|169891|169895|169907,11,_local/planning_notes/current_IWTC names.md|_local/session_notes/IWTC session notes 51-100.md|_local/session_notes/current_IWTC session notes.md,3
person_kaedra,Kaedra,169354|169356|169423|169427|169428|169429|169430|169436|169440|169443|169544,11,_local/pbp_transcripts/PbP16 - Nightfall in Elysia.md|_local/pbp_transcripts/PbP17 - Night Meetings.md|_local/planning_notes/current_Dhassa staged narration.md,3
person_caldwell,Selis Caldwell,168985|169232|169595|169699|169701|169810|169862|169910|169938|169940,10,_local/pbp_transcripts/PbP13 - The Town Square Incident.md|_local/pbp_transcripts/PbP15 - Debrief and Safety.md|_local/planning_notes/The Wolfstream Situation.md|_local/planning_notes/current_IWTC names.md|_local/session_notes/IWTC session notes 101-150.md|_local/session_notes/IWTC session notes 51-100.md,6
org_iwtc,IWTC,168654|168655|168791|169588|169744|169888|169905|169906|169910|169930,10,_local/pbp_transcripts/PbP10 - The Second Camp.md|_local/pbp_transcripts/PbP12 - Meeting in the Vestry.md|_local/planning_notes/current_IWTC names.md|_local/session_notes/IWTC session notes 1-50.md|_local/session_notes/IWTC session notes 51-100.md,5
person_hammer,Hammer of Ironfang,169588|169714|169741|169748|169775|169779|169789|169818|169860|169890,10,_local/planning_notes/current_IWTC names.md|_local/session_notes/IWTC session notes 1-50.md|_local/session_notes/IWTC session notes 101-150.md|_local/session_notes/IWTC session notes 51-100.md|_local/session_notes/current_IWTC session notes.md,5
faction_thieves_guild,Thieves Guild,169060|169182|169189|169252|169270|169298|169355|169358|169364|169426,10,_local/pbp_transcripts/PbP14 - Recon.md|_local/pbp_transcripts/PbP15 - Debrief and Safety.md|_local/pbp_transcripts/PbP16 - Nightfall in Elysia.md|_local/pbp_transcripts/PbP17 - Night Meetings.md,4
person_clara,Clara,169588|169724|169726|169799|169804|169806|169807|169809|169942|169943,10,_local/planning_notes/current_IWTC names.md|_local/session_notes/IWTC session notes 101-150.md|_local/session_notes/IWTC session notes 51-100.md|_local/session_notes/current_IWTC session notes.md,4
faction_burzath,Burzath,169550|169597|169745|169763|169765|169780|169856|169857|169859|169943,10,_local/planning_notes/current_IWTC names.md|_local/session_notes/IWTC session notes 1-50.md|_local/session_notes/IWTC session notes 51-100.md,3
person_mowser,Mowser,169588|169711|169712|169713|169715|169716|169719|169850|169851|169852,10,_local/planning_notes/current_IWTC names.md|_local/session_notes/IWTC session notes 101-150.md|_local/session_notes/current_IWTC session notes.md,3
place_killeth,Killeth,169353|169549|169630|169654|169709|169816|169817|169819|169821,9,_local/pbp_transcripts/PbP16 - Nightfall in Elysia.md|_local/planning_notes/Elulind map descriptions.md|_local/planning_notes/Who Knows What.md|_local/planning_notes/current_IWTC names.md|_local/planning_notes/current_IWTC planning notes.md|_local/session_notes/IWTC session notes 101-150.md,6
org_arcana,Arcana,169152|169635|169639|169660|169667|169720|169722|169724|169852,9,_local/pbp_transcripts/PbP15 - Debrief and Safety.md|_local/planning_notes/The Premature Pods Mystery.md|_local/planning_notes/current_Kwalish.md|_local/session_notes/IWTC session notes 101-150.md|_local/session_notes/current_IWTC session notes.md,5
person_claw,Claw of Ironfang,169514|169588|169611|169612|169741|169775|169789|169860|169885,9,_local/planning_notes/current_Dhassa staged narration.md|_local/planning_notes/current_IWTC names.md|_local/planning_notes/current_IWTC planning notes.md|_local/session_notes/IWTC session notes 1-50.md|_local/session_notes/IWTC session notes 51-100.md,5
faction_foreclaimers,Foreclaimers,169712|169713|169719|169754|169771|169774|169791|169850|169905,9,_local/session_notes/IWTC session notes 1-50.md|_local/session_notes/IWTC session notes 101-150.md|_local/session_notes/IWTC session notes 51-100.md|_local/session_notes/current_IWTC session notes.md,4
place_druwen,Duchy of Druwen,169549|169555|169654|169761|169886|169903|169909|169910|169939,9,_local/planning_notes/Elulind map descriptions.md|_local/planning_notes/current_IWTC names.md|_local/session_notes/IWTC session notes 1-50.md|_local/session_notes/IWTC session notes 51-100.md,4
person_grace,Grace Kinneon,169593|169803|169812|169923|169924|169925|169936|169941|169942,9,_local/planning_notes/current_IWTC names.md|_local/session_notes/IWTC session notes 101-150.md|_local/session_notes/IWTC session notes 51-100.md,3
person_cullen,Alister Cullen,169595|169630|169695|169701|169710|169823|169862|170109,8,_local/planning_notes/The Wolfstream Situation.md|_local/planning_notes/Who Knows What.md|_local/planning_notes/current_IWTC names.md|_local/planning_notes/current_IWTC planning notes.md|_local/session_notes/IWTC session notes 101-150.md|_local/session_notes/IWTC session notes 51-100.md|_local/session_notes/Kavar notes.md,7
place_northbend,North Bend FOB,169549|169595|169654|169701|169767|169857|169859|169862,8,_local/planning_notes/Elulind map descriptions.md|_local/planning_notes/The Wolfstream Situation.md|_local/planning_notes/current_IWTC names.md|_local/session_notes/IWTC session notes 1-50.md|_local/session_notes/IWTC session notes 51-100.md,5
person_dakgorim,Dakgorim,169232|169597|169801|169803|169835|169857|169862|169906,8,_local/pbp_transcripts/PbP15 - Debrief and Safety.md|_local/planning_notes/current_IWTC names.md|_local/session_notes/IWTC session notes 101-150.md|_local/session_notes/IWTC session notes 51-100.md,4
person_shargaas,Shargaas,169628|169736|169740|169741|169742|169744|169780|169876,8,_local/planning_notes/current_IWTC planning notes.md|_local/session_notes/IWTC session notes 1-50.md|_local/session_notes/IWTC session notes 51-100.md,3
person_cunai,Cunai la Diara,169588|169712|169713|169714|169715|169716|169719|169722,8,_local/planning_notes/current_IWTC names.md|_local/session_notes/current_IWTC session notes.md,2
person_edda,Edda MacInnis,169556|169707|169799|169803|169805|169906|169942,7,_local/planning_notes/Who Knows What.md|_local/planning_notes/current_IWTC names.md|_local/session_notes/IWTC session notes 101-150.md|_local/session_notes/IWTC session notes 51-100.md,4
place_elysian,Elysian,168886|169191|169254|169270|169469|169471|169685,7,_local/pbp_transcripts/PbP12 - Meeting in the Vestry.md|_local/pbp_transcripts/PbP15 - Debrief and Safety.md|_local/pbp_transcripts/PbP17 - Night Meetings.md|_local/planning_notes/The Spencer Heir.md,4
artifact_iris,IRIS,169793|169795|169808|169870|169877|169881|169885,7,_local/session_notes/IWTC session notes 1-50.md|_local/session_notes/IWTC session notes 101-150.md|_local/session_notes/IWTC session notes 51-100.md,3
person_azaar,Azaar,169588|169726|169861|169862|169868|169870|169907,7,_local/planning_notes/current_IWTC names.md|_local/session_notes/IWTC session notes 51-100.md|_local/session_notes/current_IWTC session notes.md,3
person_bella,Bella,169557|169753|169762|169769|169771|169878|169879,7,_local/planning_notes/current_IWTC names.md|_local/session_notes/IWTC session notes 1-50.md|_local/session_notes/IWTC session notes 51-100.md,3
person_braydon,Braydon,169354|169630|169815|169816|169817|169821|169822,7,_local/pbp_transcripts/PbP16 - Nightfall in Elysia.md|_local/planning_notes/current_IWTC planning notes.md|_local/session_notes/IWTC session notes 101-150.md,3
person_david_bowie,David Bowie,169588|169751|169795|169860|169886|169900|169937,7,_local/planning_notes/current_IWTC names.md|_local/session_notes/IWTC session notes 1-50.md|_local/session_notes/IWTC session notes 51-100.md,3
person_kir,Kir Selaz,169558|169708|169808|169810|169812|169814|169815,7,_local/planning_notes/Who Knows What.md|_local/planning_notes/current_IWTC names.md|_local/session_notes/IWTC session notes 101-150.md,3
creat_Ash,Ash,168656|169353|169372|169376|169514|169588,6,_local/pbp_transcripts/PbP10 - The Second Camp.md|_local/pbp_transcripts/PbP16 - Nightfall in Elysia.md|_local/planning_notes/current_Dhassa staged narration.md|_local/planning_notes/current_IWTC names.md,4
person_bloodaxe,Ungagh Bloodaxe,169597|169741|169802|169803|169906|169910,6,_local/planning_notes/current_IWTC names.md|_local/session_notes/IWTC session notes 1-50.md|_local/session_notes/IWTC session notes 101-150.md|_local/session_notes/IWTC session notes 51-100.md,4
person_warhammer,Khagra Warhammer,169597|169738|169739|169779|169803|169857,6,_local/planning_notes/current_IWTC names.md|_local/session_notes/IWTC session notes 1-50.md|_local/session_notes/IWTC session notes 101-150.md|_local/session_notes/IWTC session notes 51-100.md,4
ref_kwalish,Kwalish,169552|169606|169616|169618|169851|169870,6,_local/planning_notes/current_IWTC names.md|_local/planning_notes/current_IWTC planning notes.md|_local/session_notes/IWTC session notes 101-150.md|_local/session_notes/IWTC session notes 51-100.md,4
faction_ilguz,Ilguz,169717|169746|169789|169856|169880|169906,6,_local/session_notes/IWTC session notes 1-50.md|_local/session_notes/IWTC session notes 51-100.md|_local/session_notes/current_IWTC session notes.md,3
faction_krach-ul,Krach-ul,169568|169578|169581|169762|169856|169931,6,_local/planning_notes/current_IWTC names.md|_local/session_notes/IWTC session notes 1-50.md|_local/session_notes/IWTC session notes 51-100.md,3
person_elias,Elias Stormriver,169711|169726|169806|169822|169837|169939,6,_local/session_notes/IWTC session notes 101-150.md|_local/session_notes/IWTC session notes 51-100.md|_local/session_notes/current_IWTC session notes.md,3
place_cameth,Cameth Brin,169549|169591|169654|169924|169925|169931,6,_local/planning_notes/Elulind map descriptions.md|_local/planning_notes/current_IWTC names.md|_local/session_notes/IWTC session notes 51-100.md,3
person_arthur,Arthur Coldstone,169632|169639|169646|169718|169719|169723,6,_local/planning_notes/current_Kwalish.md|_local/session_notes/current_IWTC session notes.md,2
person_cursin,Cursin Helmaid,169726|169804|169807|169809|169810|169812,6,_local/session_notes/IWTC session notes 101-150.md|_local/session_notes/current_IWTC session notes.md,2
person_kluta,Kluta,169632|169719|169720|169721|169722|169724,6,_local/planning_notes/current_Kwalish.md|_local/session_notes/current_IWTC session notes.md,2
person_zedna,Zedna Hresvelg,169632|169644|169719|169720|169722|169724,6,_local/planning_notes/current_Kwalish.md|_local/session_notes/current_IWTC session notes.md,2
faction_halverin,Halverin’s Guard,168969|169055|169140|169270|169554,5,_local/pbp_transcripts/PbP12 - Meeting in the Vestry.md|_local/pbp_transcripts/PbP14 - Recon.md|_local/pbp_transcripts/PbP15 - Debrief and Safety.md|_local/planning_notes/current_IWTC names.md,4
faction_jackals,Jackals,168985|169595|169699|169862|169910,5,_local/pbp_transcripts/PbP13 - The Town Square Incident.md|_local/planning_notes/The Wolfstream Situation.md|_local/planning_notes/current_IWTC names.md|_local/session_notes/IWTC session notes 51-100.md,4
person_kaitlyn,Kaitlyn,169588|169734|169880|169897|170108,5,_local/planning_notes/current_IWTC names.md|_local/session_notes/IWTC session notes 1-50.md|_local/session_notes/IWTC session notes 51-100.md|_local/session_notes/Kavar notes.md,4
place_blackwood,Blackwood,169534|169538|169549|169654|169910,5,_local/planning_notes/Elulind map descriptions.md|_local/planning_notes/current_Dhassa staged narration.md|_local/planning_notes/current_IWTC names.md|_local/session_notes/IWTC session notes 51-100.md,4
person_brigitte,Brigitte Ware,169557|169695|169696|169701|169862,5,_local/planning_notes/The Wolfstream Situation.md|_local/planning_notes/current_IWTC names.md|_local/session_notes/IWTC session notes 51-100.md,3
person_fenrir,Fenrir,169630|169826|169827|169828|170131,5,_local/planning_notes/current_IWTC planning notes.md|_local/session_notes/IWTC session notes 101-150.md|_local/session_notes/Kavar notes.md,3
person_fritz,Fritz,169588|169733|169739|169883|169937,5,_local/planning_notes/current_IWTC names.md|_local/session_notes/IWTC session notes 1-50.md|_local/session_notes/IWTC session notes 51-100.md,3
person_loris,Edmund Loris,169553|169594|169630|169820|169823,5,_local/planning_notes/current_IWTC names.md|_local/planning_notes/current_IWTC planning notes.md|_local/session_notes/IWTC session notes 101-150.md,3
person_macfeegle,MacFeegle,169726|169801|169802|169803|169940,5,_local/session_notes/IWTC session notes 101-150.md|_local/session_notes/IWTC session notes 51-100.md|_local/session_notes/current_IWTC session notes.md,3
person_melba,Melba Harland,169561|169589|169785|169835|169838,5,_local/planning_notes/current_IWTC names.md|_local/session_notes/IWTC session notes 1-50.md|_local/session_notes/IWTC session notes 101-150.md,3
person_tiber,Tiber Nox,169726|169800|169809|169835|169943,5,_local/session_notes/IWTC session notes 101-150.md|_local/session_notes/IWTC session notes 51-100.md|_local/session_notes/current_IWTC session notes.md,3
place_dereham,Dereham,169549|169593|169654|169839|169841,5,_local/planning_notes/Elulind map descriptions.md|_local/planning_notes/current_IWTC names.md|_local/session_notes/IWTC session notes 101-150.md,3
player_spartan,Spartan,169627|169797|169856|169859|169891,5,_local/planning_notes/current_IWTC planning notes.md|_local/session_notes/IWTC session notes 1-50.md|_local/session_notes/IWTC session notes 51-100.md,3
faction_michaeline,Michaelines,168795|168884|168961|168963|169829,5,_local/pbp_transcripts/PbP12 - Meeting in the Vestry.md|_local/session_notes/IWTC session notes 101-150.md,2
person_touya,Touya Akira,169726|169806|169807|169812|169817,5,_local/session_notes/IWTC session notes 101-150.md|_local/session_notes/current_IWTC session notes.md,2
creat_berry,Berry,169588|169776|169877|169878,4,_local/planning_notes/current_IWTC names.md|_local/session_notes/IWTC session notes 1-50.md|_local/session_notes/IWTC session notes 51-100.md,3
person_connor,Connor,169588|169797|169880|169896,4,_local/planning_notes/current_IWTC names.md|_local/session_notes/IWTC session notes 1-50.md|_local/session_notes/IWTC session notes 51-100.md,3
person_draug,Draug,169593|169825|169923|169924,4,_local/planning_notes/current_IWTC names.md|_local/session_notes/IWTC session notes 101-150.md|_local/session_notes/IWTC session notes 51-100.md,3
person_eardwulf,Eardwulf Harland,169561|169589|169785|169835,4,_local/planning_notes/current_IWTC names.md|_local/session_notes/IWTC session notes 1-50.md|_local/session_notes/IWTC session notes 101-150.md,3
person_nala,Nala,169593|169800|169923|169924,4,_local/planning_notes/current_IWTC names.md|_local/session_notes/IWTC session notes 101-150.md|_local/session_notes/IWTC session notes 51-100.md,3
person_norris,Norris,169557|169730|169731|169862,4,_local/planning_notes/current_IWTC names.md|_local/session_notes/IWTC session notes 1-50.md|_local/session_notes/IWTC session notes 51-100.md,3
person_rhona,Rhona,169593|169825|169940|169941,4,_local/planning_notes/current_IWTC names.md|_local/session_notes/IWTC session notes 101-150.md|_local/session_notes/IWTC session notes 51-100.md,3
person_tawyn,Tawyn,169593|169841|169923|169924,4,_local/planning_notes/current_IWTC names.md|_local/session_notes/IWTC session notes 101-150.md|_local/session_notes/IWTC session notes 51-100.md,3
place_brechin,Brechin,169549|169556|169654|169910,4,_local/planning_notes/Elulind map descriptions.md|_local/planning_notes/current_IWTC names.md|_local/session_notes/IWTC session notes 51-100.md,3
place_cliffborough,Cliffborough,169596|169742|169909|169937,4,_local/planning_notes/current_IWTC names.md|_local/session_notes/IWTC session notes 1-50.md|_local/session_notes/IWTC session notes 51-100.md,3
person_chuck,Chuck,169606|169810|169913,3,_local/planning_notes/current_IWTC planning notes.md|_local/session_notes/IWTC session notes 101-150.md|_local/session_notes/IWTC session notes 51-100.md,3
person_david_herder,David Herder,169588|169717|169896,3,_local/planning_notes/current_IWTC names.md|_local/session_notes/IWTC session notes 51-100.md|_local/session_notes/current_IWTC session notes.md,3
place_jotunheim,Jotunheim Peaks,169549|169654|169726,3,_local/planning_notes/Elulind map descriptions.md|_local/planning_notes/current_IWTC names.md|_local/session_notes/current_IWTC session notes.md,3
place_monadh_mor,Monadh Mor,168899|169549|169654,3,_local/pbp_transcripts/PbP12 - Meeting in the Vestry.md|_local/planning_notes/Elulind map descriptions.md|_local/planning_notes/current_IWTC names.md,3
org_kirchefyre,Kirchefyr Temple,169549|169594|169985,3,_local/planning_notes/current_IWTC names.md|_local/session_notes/Kavar notes.md,2
person_anthony,,168885|169823,2,_local/pbp_transcripts/PbP12 - Meeting in the Vestry.md|_local/session_notes/IWTC session notes 101-150.md,2
person_eira,Eira Sleepsong,169553|169706,2,_local/planning_notes/Who Knows What.md|_local/planning_notes/current_IWTC names.md,2
person_torchholder,Kama Torchholder,169553|169948,2,_local/planning_notes/current_IWTC names.md|_local/session_notes/Kavar notes.md,2
artifact_glory,Unala's Glory,169835,1,_local/session_notes/IWTC session notes 101-150.md,1
person_haldane,Anthony Haldane,169553,1,_local/planning_notes/current_IWTC names.md,1
player_thon,Thonatmo,169850,1,_local/session_notes/IWTC session notes 101-150.md,1
